﻿<parameters>
  <parameter name="IIS Web Application Name" defaultValue="Default Web Site/RecycleMeMVC_deploy" tags="IisApp">
    <parameterEntry kind="ProviderPath" scope="IisApp" match="^C:\\Users\\Development\\Documents\\visual\ studio\ 2013\\Projects\\RecycleMeMVC\\RecycleMeMVC\\obj\\Release\\Package\\PackageTmp$" />
    <parameterEntry kind="ProviderPath" scope="setAcl" match="^C:\\Users\\Development\\Documents\\visual\ studio\ 2013\\Projects\\RecycleMeMVC\\RecycleMeMVC\\obj\\Release\\Package\\PackageTmp$" />
  </parameter>
  <parameter name="DefaultConnection-Web.config Connection String" defaultValue="Data Source=tcp:xtpsdlggp7.database.windows.net,1433;Initial Catalog=RecycleMe552;User Id=sunburnloco@xtpsdlggp7;Password=Password1">
    <parameterEntry kind="XmlFile" scope="C:\\Users\\Development\\Documents\\visual\ studio\ 2013\\Projects\\RecycleMeMVC\\RecycleMeMVC\\obj\\Release\\Package\\PackageTmp\\Web\.config$" match="/configuration/connectionStrings/add[@name='DefaultConnection']/@connectionString" />
  </parameter>
  <parameter name="DefaultConnection_DatabasePublish-Web.config Connection String" description="DefaultConnection Connection String used by Entity Framework Code First Model to deploy the database." defaultValue="Data Source=tcp:xtpsdlggp7.database.windows.net,1433;Initial Catalog=RecycleMe552;User ID=sunburnloco@xtpsdlggp7;Password=Password1">
    <parameterEntry kind="XmlFile" scope="C:\\Users\\Development\\Documents\\visual\ studio\ 2013\\Projects\\RecycleMeMVC\\RecycleMeMVC\\obj\\Release\\Package\\PackageTmp\\Web\.config$" match="/configuration/connectionStrings/add[@name='DefaultConnection_DatabasePublish']/@connectionString" />
  </parameter>
</parameters>